{"flutter":{"platforms":{"android":{"default":{"projectId":"diu-event-managemtn","appId":"1:336469512031:android:aad0bfb0bfcfb9c37db0ea","fileOutput":"android/app/google-services.json"}},"dart":{"lib/firebase_options.dart":{"projectId":"diu-event-managemtn","configurations":{"android":"1:336469512031:android:aad0bfb0bfcfb9c37db0ea","ios":"1:336469512031:ios:da256c92554c93077db0ea","macos":"1:336469512031:ios:da256c92554c93077db0ea","web":"1:336469512031:web:bec98691ff6bec5d7db0ea","windows":"1:336469512031:web:b29a0bb16f80f5267db0ea"}}}}}}